{"cameraMode":{"drawMode":0,"name":"Shaded","section":"Shading Mode"},"sceneLighting":true,"audioPlay":false,"sceneViewState":{"m_AlwaysRefresh":false,"showFog":true,"showSkybox":true,"showFlares":true,"showImageEffects":true,"showParticleSystems":true,"showVisualEffectGraphs":true,"m_FxEnabled":true},"in2DMode":false,"pivot":{"x":-2.1464710235595705,"y":1.068142056465149,"z":2.8996922969818117},"rotation":{"x":0.0006482199532911181,"y":-0.9992742538452148,"z":0.01978800818324089,"w":0.032686490565538409},"size":2.501201868057251,"orthographic":false}